#	A	C	D	E	F	G	H	I	K	L	M	N	P	Q	R	S	T	V	W	Y
seq1	0.07692307692307693	0.0	0.0	0.0	0.07692307692307693	0.15384615384615385	0.0	0.0	0.15384615384615385	0.3076923076923077	0.0	0.0	0.07692307692307693	0.0	0.0	0.07692307692307693	0.0	0.07692307692307693	0.0	0.0
seq2	0.0	0.2	0.03333333333333333	0.03333333333333333	0.03333333333333333	0.16666666666666666	0.0	0.0	0.0	0.03333333333333333	0.03333333333333333	0.06666666666666667	0.13333333333333333	0.0	0.03333333333333333	0.06666666666666667	0.1	0.03333333333333333	0.03333333333333333	0.0
seq3	0.19047619047619047	0.09523809523809523	0.0	0.0	0.047619047619047616	0.047619047619047616	0.0	0.14285714285714285	0.09523809523809523	0.19047619047619047	0.0	0.047619047619047616	0.047619047619047616	0.047619047619047616	0.047619047619047616	0.0	0.0	0.0	0.0	0.0
seq4	0.0625	0.0	0.0625	0.0	0.0625	0.1875	0.0	0.0625	0.125	0.1875	0.0	0.0	0.0	0.0	0.0	0.0	0.0625	0.1875	0.0	0.0
seq5	0.0	0.0	0.05405405405405406	0.08108108108108109	0.10810810810810811	0.05405405405405406	0.0	0.08108108108108109	0.16216216216216217	0.10810810810810811	0.0	0.02702702702702703	0.02702702702702703	0.02702702702702703	0.13513513513513514	0.05405405405405406	0.02702702702702703	0.05405405405405406	0.0	0.0
seq6	0.0	0.2	0.03333333333333333	0.03333333333333333	0.0	0.1	0.0	0.0	0.06666666666666667	0.13333333333333333	0.0	0.03333333333333333	0.03333333333333333	0.03333333333333333	0.03333333333333333	0.1	0.1	0.06666666666666667	0.0	0.03333333333333333
seq7	0.0	0.0	0.0	0.0	0.0	0.08333333333333333	0.08333333333333333	0.08333333333333333	0.3333333333333333	0.25	0.0	0.0	0.0	0.0	0.0	0.08333333333333333	0.0	0.0	0.08333333333333333	0.0
seq8	0.0	0.0	0.0	0.0	0.1282051282051282	0.02564102564102564	0.0	0.02564102564102564	0.0	0.05128205128205128	0.0	0.0	0.48717948717948717	0.0	0.2564102564102564	0.0	0.0	0.0	0.0	0.02564102564102564
seq9	0.46153846153846156	0.0	0.0	0.0	0.15384615384615385	0.0	0.0	0.0	0.23076923076923078	0.0	0.0	0.0	0.0	0.0	0.0	0.0	0.0	0.0	0.15384615384615385	0.0
seq10	0.05	0.0	0.0	0.0	0.0	0.0	0.05	0.0	0.1	0.3	0.05	0.0	0.05	0.0	0.3	0.05	0.0	0.05	0.0	0.0
seq11	0.07692307692307693	0.0	0.07692307692307693	0.07692307692307693	0.07692307692307693	0.07692307692307693	0.0	0.3076923076923077	0.15384615384615385	0.07692307692307693	0.0	0.0	0.0	0.0	0.0	0.07692307692307693	0.0	0.0	0.0	0.0
seq12	0.0	0.0	0.0	0.0	0.0	0.0	0.0	0.0	0.0	0.0	0.0	0.0	0.0	0.0	0.5	0.0	0.25	0.0	0.25	0.0
seq13	0.14285714285714285	0.0	0.0	0.0	0.21428571428571427	0.0	0.0	0.0	0.21428571428571427	0.07142857142857142	0.0	0.0	0.07142857142857142	0.0	0.14285714285714285	0.0	0.0	0.0	0.14285714285714285	0.0
seq14	0.0	0.0	0.0	0.0	0.0	0.1111111111111111	0.05555555555555555	0.2777777777777778	0.2222222222222222	0.05555555555555555	0.0	0.05555555555555555	0.0	0.0	0.16666666666666666	0.0	0.0	0.0	0.0	0.05555555555555555
seq15	0.3333333333333333	0.0	0.0	0.0	0.047619047619047616	0.0	0.0	0.0	0.38095238095238093	0.23809523809523808	0.0	0.0	0.0	0.0	0.0	0.0	0.0	0.0	0.0	0.0
seq16	0.058823529411764705	0.0	0.0	0.0	0.0	0.29411764705882354	0.0	0.11764705882352941	0.058823529411764705	0.29411764705882354	0.0	0.0	0.058823529411764705	0.0	0.0	0.0	0.0	0.11764705882352941	0.0	0.0
seq17	0.06451612903225806	0.06451612903225806	0.06451612903225806	0.03225806451612903	0.06451612903225806	0.12903225806451613	0.0	0.0967741935483871	0.16129032258064516	0.12903225806451613	0.0	0.06451612903225806	0.06451612903225806	0.0	0.0	0.0	0.03225806451612903	0.03225806451612903	0.0	0.0
seq18	0.0	0.0	0.0	0.0	0.0	0.06666666666666667	0.0	0.13333333333333333	0.4	0.06666666666666667	0.0	0.06666666666666667	0.0	0.0	0.0	0.0	0.0	0.2	0.06666666666666667	0.0
seq19	0.05263157894736842	0.0	0.0	0.0	0.05263157894736842	0.2631578947368421	0.0	0.05263157894736842	0.2631578947368421	0.0	0.0	0.0	0.0	0.05263157894736842	0.05263157894736842	0.0	0.05263157894736842	0.0	0.0	0.15789473684210525
seq20	0.08695652173913043	0.0	0.0	0.043478260869565216	0.13043478260869565	0.17391304347826086	0.043478260869565216	0.08695652173913043	0.17391304347826086	0.043478260869565216	0.043478260869565216	0.043478260869565216	0.0	0.0	0.0	0.08695652173913043	0.0	0.043478260869565216	0.0	0.0
seq21	0.10526315789473684	0.0	0.0	0.05263157894736842	0.05263157894736842	0.05263157894736842	0.0	0.05263157894736842	0.05263157894736842	0.15789473684210525	0.0	0.0	0.0	0.0	0.10526315789473684	0.05263157894736842	0.0	0.05263157894736842	0.21052631578947367	0.05263157894736842
seq22	0.0	0.0	0.0	0.0	0.14814814814814814	0.07407407407407407	0.037037037037037035	0.037037037037037035	0.25925925925925924	0.18518518518518517	0.0	0.0	0.07407407407407407	0.0	0.1111111111111111	0.037037037037037035	0.0	0.037037037037037035	0.0	0.0
seq23	0.20689655172413793	0.0	0.0	0.034482758620689655	0.0	0.1724137931034483	0.0	0.034482758620689655	0.13793103448275862	0.1724137931034483	0.034482758620689655	0.034482758620689655	0.0	0.034482758620689655	0.0	0.0	0.034482758620689655	0.06896551724137931	0.034482758620689655	0.0
seq24	0.0	0.0	0.0	0.0	0.0625	0.1875	0.0	0.0625	0.0625	0.375	0.0	0.0	0.0625	0.0	0.0	0.125	0.0	0.0625	0.0	0.0
seq25	0.03571428571428571	0.21428571428571427	0.0	0.03571428571428571	0.10714285714285714	0.14285714285714285	0.0	0.07142857142857142	0.07142857142857142	0.03571428571428571	0.0	0.03571428571428571	0.03571428571428571	0.0	0.0	0.10714285714285714	0.0	0.07142857142857142	0.0	0.03571428571428571
seq26	0.06521739130434782	0.13043478260869565	0.021739130434782608	0.0	0.0	0.08695652173913043	0.0	0.06521739130434782	0.08695652173913043	0.043478260869565216	0.0	0.06521739130434782	0.10869565217391304	0.0	0.06521739130434782	0.10869565217391304	0.10869565217391304	0.0	0.0	0.043478260869565216
seq27	0.2903225806451613	0.0	0.0	0.0	0.03225806451612903	0.0	0.0	0.0	0.3548387096774194	0.3225806451612903	0.0	0.0	0.0	0.0	0.0	0.0	0.0	0.0	0.0	0.0
seq28	0.0	0.0	0.0	0.0	0.0	0.05555555555555555	0.05555555555555555	0.0	0.05555555555555555	0.05555555555555555	0.0	0.1111111111111111	0.3333333333333333	0.05555555555555555	0.16666666666666666	0.0	0.0	0.05555555555555555	0.0	0.05555555555555555
seq29	0.0	0.0	0.0	0.0	0.0	0.0	0.0	0.0	0.4666666666666667	0.4	0.0	0.0	0.06666666666666667	0.0	0.0	0.0	0.0	0.0	0.06666666666666667	0.0
seq30	0.08	0.0	0.0	0.04	0.04	0.12	0.08	0.08	0.08	0.16	0.0	0.0	0.08	0.0	0.0	0.04	0.0	0.2	0.0	0.0
seq31	0.23076923076923078	0.0	0.0	0.0	0.07692307692307693	0.0	0.0	0.0	0.3076923076923077	0.38461538461538464	0.0	0.0	0.0	0.0	0.0	0.0	0.0	0.0	0.0	0.0
seq32	0.03225806451612903	0.06451612903225806	0.06451612903225806	0.0	0.03225806451612903	0.16129032258064516	0.0	0.12903225806451613	0.16129032258064516	0.06451612903225806	0.03225806451612903	0.06451612903225806	0.06451612903225806	0.0	0.0	0.03225806451612903	0.03225806451612903	0.03225806451612903	0.03225806451612903	0.0
seq33	0.0	0.0	0.0	0.0	0.0	0.21428571428571427	0.0	0.21428571428571427	0.07142857142857142	0.35714285714285715	0.0	0.0	0.07142857142857142	0.0	0.0	0.07142857142857142	0.0	0.0	0.0	0.0
seq34	0.125	0.0	0.0	0.041666666666666664	0.041666666666666664	0.08333333333333333	0.08333333333333333	0.041666666666666664	0.125	0.16666666666666666	0.0	0.0	0.08333333333333333	0.0	0.0	0.041666666666666664	0.0	0.16666666666666666	0.0	0.0
seq35	0.0	0.0	0.0	0.0	0.058823529411764705	0.0	0.0	0.058823529411764705	0.0	0.0	0.0	0.0	0.23529411764705882	0.0	0.47058823529411764	0.0	0.0	0.0	0.11764705882352941	0.058823529411764705
seq36	0.46153846153846156	0.0	0.0	0.0	0.0	0.0	0.0	0.0	0.23076923076923078	0.15384615384615385	0.0	0.0	0.0	0.0	0.0	0.0	0.0	0.0	0.15384615384615385	0.0
seq37	0.3076923076923077	0.0	0.0	0.0	0.23076923076923078	0.0	0.0	0.0	0.3076923076923077	0.15384615384615385	0.0	0.0	0.0	0.0	0.0	0.0	0.0	0.0	0.0	0.0
seq38	0.0	0.0	0.0	0.0	0.0	0.0	0.0	0.18181818181818182	0.09090909090909091	0.36363636363636365	0.0	0.0	0.0	0.0	0.09090909090909091	0.18181818181818182	0.09090909090909091	0.0	0.0	0.0
seq39	0.02631578947368421	0.0	0.0	0.07894736842105263	0.05263157894736842	0.13157894736842105	0.0	0.10526315789473684	0.21052631578947367	0.13157894736842105	0.0	0.02631578947368421	0.05263157894736842	0.07894736842105263	0.05263157894736842	0.02631578947368421	0.0	0.02631578947368421	0.0	0.0
seq40	0.0	0.0	0.0	0.0	0.0	0.16666666666666666	0.08333333333333333	0.0	0.08333333333333333	0.3333333333333333	0.08333333333333333	0.0	0.0	0.0	0.08333333333333333	0.08333333333333333	0.0	0.0	0.08333333333333333	0.0
seq41	0.0	0.0	0.0	0.07142857142857142	0.07142857142857142	0.21428571428571427	0.0	0.14285714285714285	0.14285714285714285	0.14285714285714285	0.0	0.0	0.0	0.0	0.0	0.07142857142857142	0.0	0.07142857142857142	0.07142857142857142	0.0
seq42	0.18181818181818182	0.0	0.0	0.0	0.045454545454545456	0.0	0.0	0.0	0.5	0.22727272727272727	0.0	0.0	0.0	0.0	0.0	0.0	0.0	0.0	0.045454545454545456	0.0
seq43	0.06451612903225806	0.0	0.0	0.0	0.06451612903225806	0.03225806451612903	0.0	0.06451612903225806	0.16129032258064516	0.0	0.0	0.0	0.0967741935483871	0.0	0.22580645161290322	0.0	0.03225806451612903	0.16129032258064516	0.06451612903225806	0.03225806451612903
seq44	0.2	0.0	0.03333333333333333	0.03333333333333333	0.03333333333333333	0.06666666666666667	0.0	0.03333333333333333	0.0	0.0	0.0	0.06666666666666667	0.03333333333333333	0.06666666666666667	0.06666666666666667	0.06666666666666667	0.13333333333333333	0.13333333333333333	0.03333333333333333	0.0
seq45	0.42857142857142855	0.0	0.0	0.0	0.0	0.0	0.0	0.0	0.42857142857142855	0.0	0.0	0.0	0.0	0.0	0.0	0.0	0.0	0.0	0.14285714285714285	0.0
seq46	0.0	0.0	0.0	0.0	0.0	0.0	0.0	0.0	0.25	0.16666666666666666	0.0	0.0	0.0	0.0	0.25	0.0	0.08333333333333333	0.0	0.25	0.0
seq47	0.0	0.2	0.0	0.06666666666666667	0.03333333333333333	0.16666666666666666	0.0	0.0	0.0	0.03333333333333333	0.0	0.06666666666666667	0.1	0.0	0.03333333333333333	0.06666666666666667	0.13333333333333333	0.06666666666666667	0.03333333333333333	0.0
seq48	0.0	0.0	0.0	0.0	0.0	0.3076923076923077	0.0	0.0	0.3076923076923077	0.3076923076923077	0.0	0.0	0.0	0.0	0.0	0.0	0.0	0.0	0.07692307692307693	0.0
seq49	0.06896551724137931	0.06896551724137931	0.034482758620689655	0.0	0.034482758620689655	0.034482758620689655	0.0	0.0	0.0	0.0	0.034482758620689655	0.06896551724137931	0.0	0.034482758620689655	0.3103448275862069	0.10344827586206896	0.06896551724137931	0.10344827586206896	0.034482758620689655	0.0
seq50	0.0	0.0	0.15	0.0	0.0	0.15	0.0	0.1	0.0	0.3	0.0	0.0	0.05	0.0	0.0	0.05	0.05	0.15	0.0	0.0
seq51	0.05714285714285714	0.0	0.11428571428571428	0.08571428571428572	0.0	0.02857142857142857	0.02857142857142857	0.08571428571428572	0.17142857142857143	0.14285714285714285	0.02857142857142857	0.0	0.0	0.0	0.11428571428571428	0.02857142857142857	0.02857142857142857	0.02857142857142857	0.0	0.05714285714285714
seq52	0.16666666666666666	0.041666666666666664	0.0	0.0	0.0	0.08333333333333333	0.0	0.0	0.25	0.20833333333333334	0.0	0.0	0.041666666666666664	0.0	0.0	0.041666666666666664	0.041666666666666664	0.041666666666666664	0.041666666666666664	0.041666666666666664
seq53	0.09090909090909091	0.0	0.0	0.030303030303030304	0.09090909090909091	0.12121212121212122	0.0	0.09090909090909091	0.06060606060606061	0.15151515151515152	0.0	0.0	0.06060606060606061	0.030303030303030304	0.0	0.21212121212121213	0.030303030303030304	0.030303030303030304	0.0	0.0
seq54	0.03225806451612903	0.1935483870967742	0.0	0.03225806451612903	0.03225806451612903	0.0967741935483871	0.0	0.12903225806451613	0.0967741935483871	0.0	0.0	0.03225806451612903	0.06451612903225806	0.0	0.0	0.16129032258064516	0.0	0.0967741935483871	0.0	0.03225806451612903
seq55	0.0	0.0	0.0	0.0	0.09090909090909091	0.0	0.0	0.09090909090909091	0.0	0.0	0.0	0.0	0.0	0.09090909090909091	0.5454545454545454	0.0	0.0	0.0	0.18181818181818182	0.0
seq56	0.09090909090909091	0.0	0.0	0.0	0.18181818181818182	0.0	0.0	0.0	0.36363636363636365	0.18181818181818182	0.0	0.0	0.0	0.0	0.0	0.0	0.0	0.0	0.18181818181818182	0.0
seq57	0.0	0.0	0.0	0.0	0.0	0.38461538461538464	0.3076923076923077	0.0	0.0	0.0	0.0	0.0	0.0	0.07692307692307693	0.0	0.07692307692307693	0.0	0.15384615384615385	0.0	0.0
seq58	0.1956521739130435	0.0	0.043478260869565216	0.021739130434782608	0.0	0.2391304347826087	0.0	0.0	0.0	0.15217391304347827	0.021739130434782608	0.08695652173913043	0.043478260869565216	0.06521739130434782	0.0	0.021739130434782608	0.06521739130434782	0.021739130434782608	0.021739130434782608	0.0
seq59	0.0	0.3076923076923077	0.0	0.0	0.07692307692307693	0.07692307692307693	0.038461538461538464	0.0	0.07692307692307693	0.038461538461538464	0.038461538461538464	0.07692307692307693	0.0	0.038461538461538464	0.038461538461538464	0.11538461538461539	0.0	0.038461538461538464	0.0	0.038461538461538464
seq60	0.16666666666666666	0.0	0.0	0.0	0.08333333333333333	0.0	0.0	0.16666666666666666	0.16666666666666666	0.08333333333333333	0.0	0.0	0.0	0.0	0.25	0.0	0.0	0.08333333333333333	0.0	0.0
seq61	0.03333333333333333	0.2	0.0	0.03333333333333333	0.0	0.1	0.0	0.13333333333333333	0.06666666666666667	0.0	0.0	0.03333333333333333	0.06666666666666667	0.0	0.03333333333333333	0.16666666666666666	0.0	0.06666666666666667	0.03333333333333333	0.03333333333333333
seq62	0.058823529411764705	0.0	0.0	0.0	0.0	0.29411764705882354	0.0	0.17647058823529413	0.058823529411764705	0.17647058823529413	0.0	0.0	0.0	0.0	0.0	0.0	0.058823529411764705	0.17647058823529413	0.0	0.0
seq63	0.0	0.0	0.0	0.0	0.0	0.0	0.0	0.0	0.16666666666666666	0.16666666666666666	0.0	0.0	0.0	0.0	0.3333333333333333	0.0	0.08333333333333333	0.25	0.0	0.0
seq64	0.05263157894736842	0.0	0.0	0.0	0.10526315789473684	0.05263157894736842	0.0	0.15789473684210525	0.2631578947368421	0.15789473684210525	0.0	0.0	0.05263157894736842	0.0	0.05263157894736842	0.0	0.0	0.10526315789473684	0.0	0.0
seq65	0.08333333333333333	0.0	0.0	0.0	0.0	0.125	0.0	0.0	0.20833333333333334	0.125	0.0	0.041666666666666664	0.0	0.041666666666666664	0.25	0.041666666666666664	0.0	0.041666666666666664	0.041666666666666664	0.0
seq66	0.05	0.05	0.0	0.0	0.15	0.0	0.0	0.0	0.0	0.1	0.0	0.05	0.05	0.1	0.3	0.0	0.1	0.0	0.05	0.0
seq67	0.0	0.0	0.0	0.0	0.0	0.09090909090909091	0.0	0.18181818181818182	0.36363636363636365	0.09090909090909091	0.0	0.0	0.0	0.0	0.09090909090909091	0.09090909090909091	0.09090909090909091	0.0	0.0	0.0
seq68	0.2	0.0	0.0	0.0	0.06666666666666667	0.06666666666666667	0.0	0.13333333333333333	0.26666666666666666	0.06666666666666667	0.0	0.0	0.06666666666666667	0.0	0.0	0.0	0.0	0.13333333333333333	0.0	0.0
seq69	0.0	0.0	0.0	0.0	0.18181818181818182	0.0	0.0	0.09090909090909091	0.36363636363636365	0.36363636363636365	0.0	0.0	0.0	0.0	0.0	0.0	0.0	0.0	0.0	0.0
seq70	0.0	0.0	0.0	0.0	0.45454545454545453	0.0	0.0	0.0	0.0	0.0	0.0	0.0	0.0	0.0	0.5454545454545454	0.0	0.0	0.0	0.0	0.0
seq71	0.46153846153846156	0.0	0.0	0.0	0.0	0.0	0.0	0.15384615384615385	0.23076923076923078	0.0	0.0	0.0	0.0	0.0	0.0	0.0	0.0	0.0	0.15384615384615385	0.0
seq72	0.18181818181818182	0.0	0.0	0.0	0.09090909090909091	0.0	0.0	0.18181818181818182	0.0	0.18181818181818182	0.0	0.0	0.0	0.0	0.36363636363636365	0.0	0.0	0.0	0.0	0.0
seq73	0.05714285714285714	0.0	0.08571428571428572	0.08571428571428572	0.0	0.05714285714285714	0.0	0.11428571428571428	0.2	0.08571428571428572	0.11428571428571428	0.0	0.0	0.0	0.11428571428571428	0.0	0.0	0.02857142857142857	0.0	0.05714285714285714
seq74	0.0	0.0	0.0	0.0	0.08	0.2	0.0	0.12	0.16	0.04	0.04	0.0	0.08	0.0	0.0	0.16	0.04	0.08	0.0	0.0
seq75	0.0	0.08333333333333333	0.0	0.0	0.041666666666666664	0.041666666666666664	0.0	0.0	0.25	0.08333333333333333	0.0	0.125	0.0	0.041666666666666664	0.25	0.0	0.0	0.08333333333333333	0.0	0.0
seq76	0.0	0.0	0.0	0.0	0.0	0.0	0.0	0.0	0.0	0.0	0.0	0.0	0.0	0.0	0.5454545454545454	0.0	0.0	0.0	0.45454545454545453	0.0
seq77	0.16	0.04	0.08	0.04	0.0	0.12	0.0	0.0	0.24	0.0	0.04	0.04	0.0	0.0	0.12	0.04	0.0	0.08	0.0	0.0
seq78	0.0	0.14814814814814814	0.0	0.0	0.07407407407407407	0.0	0.0	0.037037037037037035	0.1111111111111111	0.07407407407407407	0.0	0.0	0.0	0.0	0.3333333333333333	0.0	0.037037037037037035	0.07407407407407407	0.07407407407407407	0.037037037037037035
seq79	0.05555555555555555	0.0	0.08333333333333333	0.08333333333333333	0.027777777777777776	0.027777777777777776	0.0	0.08333333333333333	0.05555555555555555	0.1388888888888889	0.05555555555555555	0.08333333333333333	0.027777777777777776	0.05555555555555555	0.0	0.08333333333333333	0.05555555555555555	0.05555555555555555	0.0	0.027777777777777776
seq80	0.125	0.0	0.0	0.0	0.0625	0.1875	0.0625	0.125	0.0625	0.125	0.0	0.0	0.0	0.0	0.0	0.0625	0.0	0.1875	0.0	0.0
seq81	0.0	0.0	0.0	0.0	0.0	0.05555555555555555	0.0	0.5	0.4444444444444444	0.0	0.0	0.0	0.0	0.0	0.0	0.0	0.0	0.0	0.0	0.0
seq82	0.0	0.0	0.0	0.0	0.0	0.0	0.0	0.0	0.4444444444444444	0.0	0.0	0.0	0.1111111111111111	0.0	0.0	0.0	0.05555555555555555	0.3888888888888889	0.0	0.0
seq83	0.1111111111111111	0.0	0.0	0.0	0.0	0.05555555555555555	0.0	0.0	0.0	0.0	0.0	0.05555555555555555	0.2222222222222222	0.0	0.2222222222222222	0.1111111111111111	0.0	0.0	0.0	0.2222222222222222
seq84	0.06666666666666667	0.0	0.0	0.0	0.13333333333333333	0.3333333333333333	0.0	0.13333333333333333	0.26666666666666666	0.06666666666666667	0.0	0.0	0.0	0.0	0.0	0.0	0.0	0.0	0.0	0.0
seq85	0.125	0.0	0.0	0.0	0.125	0.16666666666666666	0.0	0.125	0.125	0.16666666666666666	0.0	0.0	0.041666666666666664	0.0	0.0	0.0	0.041666666666666664	0.08333333333333333	0.0	0.0
seq86	0.2	0.0	0.04	0.04	0.04	0.12	0.0	0.04	0.16	0.08	0.04	0.04	0.0	0.0	0.0	0.04	0.04	0.08	0.04	0.0
seq87	0.0	0.2222222222222222	0.0	0.0	0.05555555555555555	0.1111111111111111	0.0	0.05555555555555555	0.05555555555555555	0.0	0.0	0.0	0.0	0.0	0.2777777777777778	0.0	0.0	0.05555555555555555	0.05555555555555555	0.1111111111111111
seq88	0.03225806451612903	0.1935483870967742	0.0	0.03225806451612903	0.03225806451612903	0.0967741935483871	0.0	0.12903225806451613	0.0967741935483871	0.0	0.0	0.03225806451612903	0.06451612903225806	0.0	0.0	0.16129032258064516	0.0	0.0967741935483871	0.0	0.03225806451612903
seq89	0.13043478260869565	0.0	0.0	0.0	0.08695652173913043	0.0	0.0	0.0	0.5217391304347826	0.21739130434782608	0.0	0.0	0.0	0.0	0.0	0.0	0.043478260869565216	0.0	0.0	0.0
seq90	0.2	0.0	0.0	0.0	0.0	0.05	0.0	0.3	0.3	0.0	0.0	0.0	0.0	0.0	0.0	0.0	0.05	0.0	0.05	0.05
seq91	0.047619047619047616	0.09523809523809523	0.0	0.0	0.0	0.047619047619047616	0.0	0.0	0.0	0.047619047619047616	0.0	0.0	0.0	0.0	0.2857142857142857	0.0	0.0	0.23809523809523808	0.09523809523809523	0.14285714285714285
seq92	0.0	0.0	0.0	0.0	0.05263157894736842	0.0	0.0	0.05263157894736842	0.15789473684210525	0.05263157894736842	0.0	0.05263157894736842	0.05263157894736842	0.0	0.15789473684210525	0.10526315789473684	0.05263157894736842	0.15789473684210525	0.10526315789473684	0.0
seq93	0.0	0.20689655172413793	0.034482758620689655	0.034482758620689655	0.034482758620689655	0.13793103448275862	0.0	0.034482758620689655	0.13793103448275862	0.034482758620689655	0.0	0.0	0.10344827586206896	0.0	0.0	0.06896551724137931	0.10344827586206896	0.0	0.0	0.06896551724137931
seq94	0.0	0.0	0.0	0.0	0.0	0.09090909090909091	0.0	0.09090909090909091	0.0	0.0	0.0	0.0	0.0	0.0	0.36363636363636365	0.0	0.0	0.0	0.45454545454545453	0.0
seq95	0.0	0.0	0.0	0.0	0.0	0.0	0.0	0.0	0.0	0.45454545454545453	0.0	0.0	0.0	0.0	0.5454545454545454	0.0	0.0	0.0	0.0	0.0
seq96	0.09090909090909091	0.0	0.0	0.0	0.0	0.0	0.0	0.0	0.0	0.0	0.0	0.0	0.0	0.0	0.36363636363636365	0.09090909090909091	0.0	0.0	0.45454545454545453	0.0
seq97	0.14	0.0	0.0	0.0	0.02	0.18	0.02	0.0	0.1	0.06	0.0	0.02	0.04	0.04	0.16	0.06	0.04	0.08	0.0	0.04
seq98	0.0	0.11764705882352941	0.0	0.0	0.058823529411764705	0.058823529411764705	0.0	0.058823529411764705	0.23529411764705882	0.0	0.0	0.0	0.0	0.058823529411764705	0.11764705882352941	0.0	0.0	0.11764705882352941	0.17647058823529413	0.0
seq99	0.13157894736842105	0.0	0.0	0.05263157894736842	0.02631578947368421	0.13157894736842105	0.0	0.10526315789473684	0.18421052631578946	0.05263157894736842	0.02631578947368421	0.05263157894736842	0.05263157894736842	0.0	0.05263157894736842	0.0	0.0	0.10526315789473684	0.02631578947368421	0.0
seq100	0.0	0.20689655172413793	0.034482758620689655	0.034482758620689655	0.034482758620689655	0.13793103448275862	0.0	0.034482758620689655	0.1724137931034483	0.0	0.0	0.0	0.06896551724137931	0.0	0.0	0.034482758620689655	0.13793103448275862	0.0	0.0	0.10344827586206896
seq101	0.0	0.16666666666666666	0.0	0.0	0.0	0.0	0.0	0.16666666666666666	0.0	0.08333333333333333	0.0	0.0	0.0	0.0	0.3333333333333333	0.0	0.0	0.25	0.0	0.0
seq102	0.05555555555555555	0.05555555555555555	0.0	0.05555555555555555	0.05555555555555555	0.05555555555555555	0.0	0.0	0.16666666666666666	0.05555555555555555	0.05555555555555555	0.0	0.05555555555555555	0.05555555555555555	0.16666666666666666	0.0	0.0	0.0	0.16666666666666666	0.0
seq103	0.3333333333333333	0.0	0.0	0.0	0.06666666666666667	0.0	0.0	0.0	0.4	0.2	0.0	0.0	0.0	0.0	0.0	0.0	0.0	0.0	0.0	0.0
seq104	0.05263157894736842	0.0	0.05263157894736842	0.05263157894736842	0.05263157894736842	0.0	0.0	0.05263157894736842	0.3157894736842105	0.10526315789473684	0.0	0.05263157894736842	0.0	0.05263157894736842	0.05263157894736842	0.10526315789473684	0.0	0.05263157894736842	0.0	0.0
seq105	0.07692307692307693	0.0	0.0	0.0	0.038461538461538464	0.15384615384615385	0.038461538461538464	0.11538461538461539	0.07692307692307693	0.07692307692307693	0.0	0.07692307692307693	0.038461538461538464	0.038461538461538464	0.0	0.11538461538461539	0.0	0.11538461538461539	0.038461538461538464	0.0
seq106	0.0	0.0	0.045454545454545456	0.045454545454545456	0.09090909090909091	0.13636363636363635	0.0	0.09090909090909091	0.22727272727272727	0.18181818181818182	0.0	0.0	0.0	0.0	0.13636363636363635	0.0	0.0	0.0	0.0	0.045454545454545456
seq107	0.125	0.0	0.0	0.0	0.041666666666666664	0.08333333333333333	0.0	0.041666666666666664	0.20833333333333334	0.2916666666666667	0.0	0.041666666666666664	0.0	0.08333333333333333	0.0	0.0	0.041666666666666664	0.0	0.041666666666666664	0.0
seq108	0.05	0.0	0.05	0.0	0.05	0.15	0.0	0.1	0.25	0.05	0.05	0.0	0.05	0.0	0.0	0.0	0.0	0.15	0.05	0.0
seq109	0.043478260869565216	0.0	0.0	0.0	0.043478260869565216	0.08695652173913043	0.0	0.043478260869565216	0.13043478260869565	0.21739130434782608	0.0	0.0	0.043478260869565216	0.043478260869565216	0.2608695652173913	0.043478260869565216	0.0	0.043478260869565216	0.0	0.0
seq110	0.0	0.0	0.0	0.0	0.08333333333333333	0.08333333333333333	0.08333333333333333	0.08333333333333333	0.25	0.16666666666666666	0.08333333333333333	0.0	0.0	0.0	0.0	0.08333333333333333	0.0	0.0	0.08333333333333333	0.0
seq111	0.07894736842105263	0.0	0.05263157894736842	0.0	0.05263157894736842	0.05263157894736842	0.02631578947368421	0.02631578947368421	0.10526315789473684	0.05263157894736842	0.02631578947368421	0.02631578947368421	0.0	0.05263157894736842	0.18421052631578946	0.07894736842105263	0.02631578947368421	0.05263157894736842	0.0	0.10526315789473684
seq112	0.0	0.0	0.0	0.0	0.0	0.0	0.0	0.16666666666666666	0.2222222222222222	0.2222222222222222	0.0	0.05555555555555555	0.0	0.0	0.05555555555555555	0.05555555555555555	0.16666666666666666	0.05555555555555555	0.0	0.0
seq113	0.0	0.0	0.0	0.0	0.21428571428571427	0.10714285714285714	0.14285714285714285	0.14285714285714285	0.03571428571428571	0.07142857142857142	0.0	0.03571428571428571	0.03571428571428571	0.03571428571428571	0.0	0.03571428571428571	0.0	0.14285714285714285	0.0	0.0
seq114	0.2608695652173913	0.0	0.0	0.0	0.043478260869565216	0.0	0.0	0.0	0.391304347826087	0.30434782608695654	0.0	0.0	0.0	0.0	0.0	0.0	0.0	0.0	0.0	0.0
seq115	0.0	0.0	0.0	0.0	0.0	0.0	0.0	0.0	0.0	0.23529411764705882	0.0	0.0	0.0	0.0	0.5882352941176471	0.0	0.0	0.0	0.17647058823529413	0.0
seq116	0.0	0.0	0.0	0.0	0.0	0.0	0.0	0.21428571428571427	0.35714285714285715	0.21428571428571427	0.0	0.0	0.0	0.0	0.21428571428571427	0.0	0.0	0.0	0.0	0.0
seq117	0.0	0.0	0.0	0.0	0.058823529411764705	0.0	0.0	0.11764705882352941	0.0	0.0	0.0	0.0	0.23529411764705882	0.0	0.47058823529411764	0.0	0.0	0.0	0.058823529411764705	0.058823529411764705
seq118	0.14285714285714285	0.07142857142857142	0.07142857142857142	0.0	0.0	0.07142857142857142	0.0	0.07142857142857142	0.14285714285714285	0.14285714285714285	0.03571428571428571	0.07142857142857142	0.0	0.03571428571428571	0.0	0.03571428571428571	0.07142857142857142	0.03571428571428571	0.0	0.0
seq119	0.2631578947368421	0.0	0.0	0.0	0.05263157894736842	0.0	0.0	0.0	0.42105263157894735	0.2631578947368421	0.0	0.0	0.0	0.0	0.0	0.0	0.0	0.0	0.0	0.0
seq120	0.08108108108108109	0.05405405405405406	0.02702702702702703	0.0	0.02702702702702703	0.16216216216216217	0.0	0.02702702702702703	0.16216216216216217	0.16216216216216217	0.0	0.05405405405405406	0.0	0.02702702702702703	0.0	0.08108108108108109	0.02702702702702703	0.10810810810810811	0.0	0.0
seq121	0.0	0.0	0.0	0.0	0.0	0.058823529411764705	0.0	0.0	0.058823529411764705	0.0	0.0	0.058823529411764705	0.058823529411764705	0.058823529411764705	0.23529411764705882	0.0	0.0	0.058823529411764705	0.35294117647058826	0.058823529411764705
seq122	0.0	0.0	0.0	0.0	0.0	0.18181818181818182	0.0	0.0	0.36363636363636365	0.36363636363636365	0.0	0.0	0.0	0.0	0.0	0.0	0.0	0.0	0.09090909090909091	0.0
seq123	0.0	0.0	0.0	0.0	0.09090909090909091	0.0	0.0	0.0	0.09090909090909091	0.36363636363636365	0.0	0.0	0.0	0.0	0.45454545454545453	0.0	0.0	0.0	0.0	0.0
seq124	0.18181818181818182	0.0	0.0	0.0	0.09090909090909091	0.18181818181818182	0.0	0.13636363636363635	0.2727272727272727	0.09090909090909091	0.0	0.0	0.0	0.0	0.0	0.0	0.0	0.045454545454545456	0.0	0.0
seq125	0.15	0.0	0.05	0.05	0.05	0.1	0.0	0.1	0.15	0.1	0.0	0.0	0.05	0.0	0.0	0.0	0.05	0.05	0.05	0.05
seq126	0.0	0.0	0.25	0.0	0.0625	0.125	0.0	0.0625	0.0625	0.0	0.0	0.0625	0.0	0.0625	0.0	0.125	0.0625	0.125	0.0	0.0
seq127	0.05	0.0	0.0	0.0	0.05	0.0	0.0	0.05	0.05	0.15	0.0	0.0	0.05	0.05	0.2	0.0	0.05	0.0	0.2	0.1
seq128	0.14285714285714285	0.0	0.0	0.0	0.0	0.0	0.0	0.21428571428571427	0.21428571428571427	0.2857142857142857	0.0	0.07142857142857142	0.0	0.0	0.07142857142857142	0.0	0.0	0.0	0.0	0.0
seq129	0.027777777777777776	0.0	0.08333333333333333	0.19444444444444445	0.027777777777777776	0.0	0.0	0.08333333333333333	0.1388888888888889	0.19444444444444445	0.027777777777777776	0.027777777777777776	0.0	0.027777777777777776	0.0	0.05555555555555555	0.027777777777777776	0.027777777777777776	0.0	0.05555555555555555
seq130	0.23076923076923078	0.0	0.0	0.0	0.15384615384615385	0.23076923076923078	0.0	0.07692307692307693	0.07692307692307693	0.07692307692307693	0.07692307692307693	0.0	0.0	0.0	0.0	0.07692307692307693	0.0	0.0	0.0	0.0
seq131	0.14285714285714285	0.0	0.07142857142857142	0.0	0.0	0.07142857142857142	0.0	0.03571428571428571	0.14285714285714285	0.10714285714285714	0.03571428571428571	0.10714285714285714	0.0	0.03571428571428571	0.0	0.0	0.07142857142857142	0.14285714285714285	0.03571428571428571	0.0
seq132	0.0	0.0	0.0	0.10526315789473684	0.05263157894736842	0.05263157894736842	0.0	0.10526315789473684	0.21052631578947367	0.05263157894736842	0.10526315789473684	0.10526315789473684	0.05263157894736842	0.0	0.10526315789473684	0.0	0.0	0.05263157894736842	0.0	0.0
seq133	0.0	0.0	0.05	0.0	0.0	0.05	0.0	0.05	0.05	0.05	0.0	0.1	0.25	0.0	0.15	0.05	0.05	0.05	0.0	0.1
seq134	0.11764705882352941	0.029411764705882353	0.0	0.029411764705882353	0.17647058823529413	0.08823529411764706	0.0	0.029411764705882353	0.0	0.14705882352941177	0.029411764705882353	0.029411764705882353	0.0	0.0	0.2647058823529412	0.029411764705882353	0.0	0.0	0.029411764705882353	0.0
seq135	0.15	0.0	0.0	0.05	0.1	0.1	0.0	0.1	0.15	0.05	0.0	0.1	0.0	0.05	0.0	0.0	0.0	0.15	0.0	0.0
seq136	0.3076923076923077	0.0	0.0	0.0	0.07692307692307693	0.0	0.0	0.0	0.3076923076923077	0.3076923076923077	0.0	0.0	0.0	0.0	0.0	0.0	0.0	0.0	0.0	0.0
seq137	0.047619047619047616	0.023809523809523808	0.023809523809523808	0.023809523809523808	0.023809523809523808	0.047619047619047616	0.14285714285714285	0.023809523809523808	0.19047619047619047	0.07142857142857142	0.023809523809523808	0.0	0.023809523809523808	0.07142857142857142	0.09523809523809523	0.07142857142857142	0.0	0.047619047619047616	0.047619047619047616	0.0
seq138	0.07407407407407407	0.0	0.0	0.037037037037037035	0.07407407407407407	0.1111111111111111	0.0	0.14814814814814814	0.14814814814814814	0.1111111111111111	0.0	0.0	0.037037037037037035	0.0	0.037037037037037035	0.1111111111111111	0.037037037037037035	0.07407407407407407	0.0	0.0
seq139	0.07692307692307693	0.0	0.0	0.0	0.0	0.038461538461538464	0.0	0.11538461538461539	0.15384615384615385	0.07692307692307693	0.0	0.038461538461538464	0.038461538461538464	0.0	0.15384615384615385	0.0	0.038461538461538464	0.15384615384615385	0.038461538461538464	0.07692307692307693
seq140	0.029411764705882353	0.0	0.0	0.0	0.20588235294117646	0.029411764705882353	0.0	0.029411764705882353	0.38235294117647056	0.029411764705882353	0.0	0.029411764705882353	0.058823529411764705	0.0	0.058823529411764705	0.029411764705882353	0.029411764705882353	0.08823529411764706	0.0	0.0
seq141	0.038461538461538464	0.0	0.0	0.0	0.07692307692307693	0.0	0.038461538461538464	0.038461538461538464	0.2692307692307692	0.19230769230769232	0.0	0.0	0.0	0.0	0.0	0.15384615384615385	0.11538461538461539	0.038461538461538464	0.038461538461538464	0.0
seq142	0.0	0.0	0.0	0.0	0.15384615384615385	0.0	0.0	0.0	0.0	0.07692307692307693	0.0	0.0	0.15384615384615385	0.0	0.3076923076923077	0.0	0.0	0.07692307692307693	0.23076923076923078	0.0
seq143	0.0	0.20689655172413793	0.0	0.034482758620689655	0.034482758620689655	0.13793103448275862	0.0	0.0	0.0	0.034482758620689655	0.0	0.10344827586206896	0.10344827586206896	0.0	0.034482758620689655	0.06896551724137931	0.10344827586206896	0.06896551724137931	0.034482758620689655	0.034482758620689655
seq144	0.0	0.21052631578947367	0.0	0.0	0.0	0.2631578947368421	0.05263157894736842	0.0	0.0	0.05263157894736842	0.0	0.0	0.0	0.0	0.15789473684210525	0.05263157894736842	0.05263157894736842	0.0	0.05263157894736842	0.10526315789473684
seq145	0.11538461538461539	0.0	0.0	0.0	0.07692307692307693	0.15384615384615385	0.038461538461538464	0.07692307692307693	0.2692307692307692	0.07692307692307693	0.0	0.0	0.0	0.0	0.07692307692307693	0.038461538461538464	0.0	0.038461538461538464	0.0	0.038461538461538464
seq146	0.0	0.0	0.0	0.0	0.0	0.0	0.0	0.45454545454545453	0.0	0.0	0.0	0.0	0.0	0.0	0.5454545454545454	0.0	0.0	0.0	0.0	0.0
seq147	0.024390243902439025	0.0975609756097561	0.0	0.0	0.07317073170731707	0.21951219512195122	0.0	0.024390243902439025	0.0	0.0	0.0	0.024390243902439025	0.14634146341463414	0.024390243902439025	0.1951219512195122	0.04878048780487805	0.0	0.07317073170731707	0.0	0.04878048780487805
seq148	0.0625	0.0	0.0	0.0	0.125	0.1875	0.0	0.0625	0.0	0.25	0.0	0.0	0.0625	0.0	0.125	0.0	0.0625	0.0625	0.0	0.0
seq149	0.23076923076923078	0.0	0.0	0.0	0.15384615384615385	0.0	0.0	0.0	0.3076923076923077	0.3076923076923077	0.0	0.0	0.0	0.0	0.0	0.0	0.0	0.0	0.0	0.0
seq150	0.0	0.0	0.13513513513513514	0.05405405405405406	0.10810810810810811	0.02702702702702703	0.0	0.10810810810810811	0.08108108108108109	0.10810810810810811	0.0	0.02702702702702703	0.0	0.05405405405405406	0.21621621621621623	0.02702702702702703	0.0	0.0	0.0	0.05405405405405406
seq151	0.0	0.0	0.0	0.0	0.0625	0.0	0.0	0.125	0.0	0.0625	0.0	0.0625	0.0	0.125	0.4375	0.0	0.0	0.0	0.125	0.0
seq152	0.0	0.0	0.0	0.0	0.0	0.13333333333333333	0.0	0.13333333333333333	0.26666666666666666	0.13333333333333333	0.0	0.0	0.0	0.0	0.13333333333333333	0.06666666666666667	0.06666666666666667	0.06666666666666667	0.0	0.0
seq153	0.0	0.2222222222222222	0.0	0.0	0.0	0.1111111111111111	0.0	0.0	0.05555555555555555	0.05555555555555555	0.0	0.0	0.0	0.05555555555555555	0.2777777777777778	0.0	0.05555555555555555	0.05555555555555555	0.05555555555555555	0.05555555555555555
seq154	0.25	0.0	0.0	0.0	0.05	0.05	0.0	0.0	0.2	0.15	0.0	0.15	0.0	0.0	0.0	0.0	0.0	0.0	0.05	0.1
seq155	0.07142857142857142	0.0	0.0	0.0	0.0	0.0	0.0	0.07142857142857142	0.2857142857142857	0.21428571428571427	0.0	0.0	0.0	0.0	0.0	0.14285714285714285	0.0	0.14285714285714285	0.07142857142857142	0.0
seq156	0.25	0.0	0.0	0.0	0.08333333333333333	0.0	0.0	0.0	0.4166666666666667	0.25	0.0	0.0	0.0	0.0	0.0	0.0	0.0	0.0	0.0	0.0
seq157	0.21739130434782608	0.0	0.0	0.043478260869565216	0.13043478260869565	0.08695652173913043	0.043478260869565216	0.08695652173913043	0.17391304347826086	0.043478260869565216	0.043478260869565216	0.043478260869565216	0.0	0.0	0.0	0.043478260869565216	0.0	0.043478260869565216	0.0	0.0
seq158	0.21428571428571427	0.0	0.0	0.0	0.07142857142857142	0.0	0.0	0.07142857142857142	0.07142857142857142	0.21428571428571427	0.0	0.07142857142857142	0.0	0.0	0.07142857142857142	0.0	0.14285714285714285	0.0	0.07142857142857142	0.0
seq159	0.13043478260869565	0.0	0.0	0.0	0.0	0.0	0.0	0.043478260869565216	0.21739130434782608	0.21739130434782608	0.0	0.043478260869565216	0.0	0.043478260869565216	0.2608695652173913	0.0	0.0	0.043478260869565216	0.0	0.0
seq160	0.0	0.07142857142857142	0.0	0.0	0.0	0.2857142857142857	0.07142857142857142	0.0	0.35714285714285715	0.0	0.0	0.0	0.0	0.07142857142857142	0.0	0.07142857142857142	0.0	0.0	0.0	0.07142857142857142
seq161	0.03125	0.0	0.0	0.0	0.0625	0.15625	0.0	0.125	0.0625	0.0625	0.0	0.03125	0.0	0.03125	0.28125	0.03125	0.0625	0.0	0.0625	0.0
seq162	0.0	0.0	0.05555555555555555	0.05555555555555555	0.0	0.05555555555555555	0.05555555555555555	0.05555555555555555	0.1111111111111111	0.2222222222222222	0.0	0.05555555555555555	0.0	0.05555555555555555	0.1111111111111111	0.0	0.0	0.05555555555555555	0.1111111111111111	0.0
seq163	0.17391304347826086	0.0	0.043478260869565216	0.043478260869565216	0.0	0.043478260869565216	0.0	0.13043478260869565	0.13043478260869565	0.13043478260869565	0.0	0.13043478260869565	0.0	0.08695652173913043	0.0	0.0	0.0	0.043478260869565216	0.043478260869565216	0.0
seq164	0.09523809523809523	0.09523809523809523	0.0	0.0	0.047619047619047616	0.047619047619047616	0.0	0.09523809523809523	0.0	0.047619047619047616	0.0	0.0	0.09523809523809523	0.09523809523809523	0.0	0.047619047619047616	0.19047619047619047	0.14285714285714285	0.0	0.0
seq165	0.16216216216216217	0.0	0.02702702702702703	0.02702702702702703	0.02702702702702703	0.10810810810810811	0.0	0.10810810810810811	0.16216216216216217	0.0	0.0	0.02702702702702703	0.02702702702702703	0.02702702702702703	0.08108108108108109	0.0	0.02702702702702703	0.1891891891891892	0.0	0.0
seq166	0.10869565217391304	0.0	0.021739130434782608	0.021739130434782608	0.021739130434782608	0.021739130434782608	0.0	0.06521739130434782	0.08695652173913043	0.10869565217391304	0.0	0.10869565217391304	0.0	0.1956521739130435	0.0	0.06521739130434782	0.10869565217391304	0.06521739130434782	0.0	0.0
seq167	0.0	0.0	0.0	0.0	0.15384615384615385	0.23076923076923078	0.0	0.07692307692307693	0.23076923076923078	0.23076923076923078	0.07692307692307693	0.0	0.0	0.0	0.0	0.0	0.0	0.0	0.0	0.0
seq168	0.07692307692307693	0.0	0.0	0.0	0.23076923076923078	0.07692307692307693	0.0	0.15384615384615385	0.07692307692307693	0.15384615384615385	0.0	0.0	0.0	0.0	0.0	0.15384615384615385	0.07692307692307693	0.0	0.0	0.0
seq169	0.1111111111111111	0.0	0.0	0.0	0.05555555555555555	0.2222222222222222	0.0	0.0	0.0	0.05555555555555555	0.0	0.0	0.0	0.0	0.4444444444444444	0.0	0.0	0.05555555555555555	0.05555555555555555	0.0
seq170	0.05555555555555555	0.0	0.0	0.08333333333333333	0.0	0.027777777777777776	0.0	0.027777777777777776	0.25	0.16666666666666666	0.0	0.19444444444444445	0.0	0.0	0.05555555555555555	0.05555555555555555	0.0	0.05555555555555555	0.0	0.027777777777777776
seq171	0.0	0.0	0.0	0.0	0.0	0.0	0.0	0.0	0.25	0.16666666666666666	0.0	0.0	0.0	0.0	0.3333333333333333	0.0	0.08333333333333333	0.0	0.16666666666666666	0.0
seq172	0.16666666666666666	0.0	0.0	0.0	0.08333333333333333	0.08333333333333333	0.0	0.08333333333333333	0.4166666666666667	0.0	0.0	0.0	0.0	0.0	0.08333333333333333	0.0	0.0	0.0	0.08333333333333333	0.0
seq173	0.022222222222222223	0.13333333333333333	0.0	0.044444444444444446	0.0	0.1111111111111111	0.0	0.06666666666666667	0.13333333333333333	0.06666666666666667	0.0	0.022222222222222223	0.022222222222222223	0.044444444444444446	0.15555555555555556	0.044444444444444446	0.044444444444444446	0.044444444444444446	0.0	0.044444444444444446
seq174	0.05	0.15	0.075	0.025	0.05	0.175	0.05	0.025	0.125	0.0	0.025	0.05	0.025	0.0	0.0	0.05	0.0	0.025	0.025	0.075
seq175	0.05	0.0	0.0	0.0	0.05	0.15	0.0	0.1	0.25	0.15	0.0	0.0	0.0	0.0	0.0	0.0	0.1	0.1	0.05	0.0
seq176	0.18181818181818182	0.0	0.09090909090909091	0.0	0.09090909090909091	0.0	0.0	0.18181818181818182	0.0	0.09090909090909091	0.0	0.0	0.0	0.0	0.36363636363636365	0.0	0.0	0.0	0.0	0.0
seq177	0.0	0.0	0.0	0.0	0.0	0.08333333333333333	0.08333333333333333	0.08333333333333333	0.25	0.3333333333333333	0.0	0.0	0.0	0.0	0.0	0.08333333333333333	0.0	0.0	0.08333333333333333	0.0
seq178	0.0	0.0	0.0	0.0	0.0	0.0	0.0	0.0	0.09090909090909091	0.09090909090909091	0.0	0.0	0.0	0.0	0.36363636363636365	0.0	0.0	0.09090909090909091	0.36363636363636365	0.0
seq179	0.2777777777777778	0.0	0.0	0.0	0.05555555555555555	0.0	0.0	0.0	0.16666666666666666	0.05555555555555555	0.05555555555555555	0.0	0.05555555555555555	0.0	0.16666666666666666	0.0	0.0	0.0	0.16666666666666666	0.0
seq180	0.0	0.0	0.0	0.0	0.0	0.0	0.0	0.16666666666666666	0.0	0.25	0.0	0.0	0.0	0.0	0.3333333333333333	0.0	0.0	0.08333333333333333	0.16666666666666666	0.0
seq181	0.05	0.1	0.0	0.0	0.0	0.05	0.0	0.1	0.0	0.1	0.0	0.0	0.15	0.1	0.0	0.1	0.1	0.1	0.0	0.05
seq182	0.0	0.0	0.0	0.0	0.0	0.05555555555555555	0.05555555555555555	0.2222222222222222	0.16666666666666666	0.05555555555555555	0.0	0.0	0.0	0.05555555555555555	0.16666666666666666	0.05555555555555555	0.0	0.05555555555555555	0.05555555555555555	0.05555555555555555
seq183	0.12	0.0	0.0	0.04	0.04	0.08	0.08	0.04	0.08	0.16	0.0	0.0	0.08	0.0	0.0	0.04	0.0	0.24	0.0	0.0
seq184	0.0	0.0	0.0	0.0	0.0	0.047619047619047616	0.0	0.5714285714285714	0.38095238095238093	0.0	0.0	0.0	0.0	0.0	0.0	0.0	0.0	0.0	0.0	0.0
seq185	0.0	0.0	0.0	0.0	0.06666666666666667	0.13333333333333333	0.0	0.3333333333333333	0.13333333333333333	0.13333333333333333	0.0	0.0	0.06666666666666667	0.0	0.0	0.06666666666666667	0.06666666666666667	0.0	0.0	0.0
seq186	0.043478260869565216	0.13043478260869565	0.0	0.021739130434782608	0.0	0.06521739130434782	0.0	0.06521739130434782	0.08695652173913043	0.043478260869565216	0.0	0.08695652173913043	0.06521739130434782	0.0	0.06521739130434782	0.15217391304347827	0.13043478260869565	0.0	0.0	0.043478260869565216
seq187	0.16666666666666666	0.08333333333333333	0.0	0.0	0.125	0.041666666666666664	0.0	0.08333333333333333	0.125	0.125	0.0	0.041666666666666664	0.08333333333333333	0.0	0.0	0.041666666666666664	0.0	0.08333333333333333	0.0	0.0
seq188	0.15	0.1	0.0	0.0	0.15	0.0	0.0	0.05	0.15	0.3	0.0	0.0	0.05	0.0	0.0	0.05	0.0	0.0	0.0	0.0
seq189	0.1	0.0	0.1	0.0	0.0	0.0	0.03333333333333333	0.0	0.1	0.26666666666666666	0.0	0.0	0.0	0.03333333333333333	0.23333333333333334	0.03333333333333333	0.0	0.06666666666666667	0.0	0.03333333333333333
seq190	0.2608695652173913	0.0	0.0	0.0	0.043478260869565216	0.0	0.0	0.0	0.391304347826087	0.30434782608695654	0.0	0.0	0.0	0.0	0.0	0.0	0.0	0.0	0.0	0.0
